TargetID,Genotype,RefType,SampleType,ExPlateBarcode,ExPlateWell
100036,Avalos,AVALOS,,911120177001,A9
100037,Avalos,AVALOS,,911120177001,B9
100038,Avalos,AVALOS,,911120177001,B9
100039,Avalos,AVALOS,,911120177001,C9
100040,Avalos,AVALOS,,911120177001,C9
100041,Avalos,AVALOS,,911120177001,D9
100042,Avalos,AVALOS,,911120177001,D9
100061,Beltran,BELTRAN,,910017198002,D6
100062,Beltran,BELTRAN,,910017198002,E3
100063,Beltran,BELTRAN,,910017198002,E3
100064,Beltran,BELTRAN,,910017256004,D1
100065,Beltran,BELTRAN,,910017256004,D1
100066,Beltran,BELTRAN,,910017256004,E2
100067,Beltran,BELTRAN,,910017256004,E2
100068,Beltran,BELTRAN,,910017256004,F3
100069,Beltran,BELTRAN,,910017256004,F3
100070,Beltran,BELTRAN,,910017256004,G4
100071,Beltran,BELTRAN,,910017256004,G4
100018,Biddle,BIDDLE,,904817184001,A1
100019,Biddle,BIDDLE,,904817184001,A1
100020,Biddle,BIDDLE,,904817184001,A1
100021,Biddle,BIDDLE,,904817184001,B1
100022,Biddle,BIDDLE,,904817184001,B1
100023,Biddle,BIDDLE,,904817184001,B1
100083,Boehm,BOEHM,,900912319003,F4
100084,Boehm,BOEHM,,900912319003,F4
100085,Boehm,BOEHM,,900912319005,F4
100054,Erickson,ERICKSON,,900912319004,D1
100055,Erickson,ERICKSON,,900912319004,D1
100056,Erickson,ERICKSON,,900912319006,D1
100007,Forsyth,FORSYTH,,904816349001,A1
100008,Forsyth,FORSYTH,,904816349001,A4
100009,Forsyth,FORSYTH,,904816349001,A4
100010,Forsyth,FORSYTH,,904816349001,E2
100011,Forsyth,FORSYTH,,904816349001,E2
100027,Gilliland,GILLILAND,,912621085013,B2
100028,Gilliland,GILLILAND,,912621085013,B2
100078,Graf,GRAF,,912621085013,C2
100079,Graf,GRAF,,912621085013,C2
100052,Haddad,HADDAD,,900912319004,D3
100053,Haddad,HADDAD,,900912319006,D3
100033,Halverson,HALVERSON,,900912319004,G2
100034,Halverson,HALVERSON,,900912319006,G2
100013,Harris,HARRIS,,900912319003,A4
100014,Harris,HARRIS,,900912319005,B4
100029,Higgs,HIGGS,,900912319003,B2
100030,Higgs,HIGGS,,900912319003,B2
100031,Higgs,HIGGS,,900912319005,B2
100080,Mortensen,MORTENSEN,,900912319003,H1
100081,Mortensen,MORTENSEN,,900912319003,H1
100082,Mortensen,MORTENSEN,,900912319005,H1
100072,Penn,PENN,,912621357012,C3
100077,Penn,PENN,,912621357012,C3
100016,Pool,POOL,,900912319003,E3
100017,Pool,POOL,,900912319005,E3
100058,Ring,RING,,900912319003,E6
100059,Ring,RING,,900912319005,E6
100043,Yost,SPANNYOSTARIAS,,912621343005,C1
100004,Tracy,TRACY,,912622007011,B1
100005,Tracy,TRACY,,912622007011,B1
100073,Velasco,VELASCO,,910017198002,F6
100074,Velasco,VELASCO,,910017198002,F6
100075,Velasco,VELASCO,,910017198002,G3
100076,Velasco,VELASCO,,910017198002,G3
100001,Vinson,VINSON,,900912319003,G4
100002,Vinson,VINSON,,900912319003,G4
100003,Vinson,VINSON,,900912319005,G4
100025,Wentz,WENTZ,,900912319003,A11
100026,Wentz,WENTZ,,900912319005,A11
100044,Yost,YASC,,912621343005,C1
100045,Arias,YASC,,912621343005,D1
100046,Arias,YASC,,912621343005,D1
100047,Spann,YASC,,912621357012,A2
100048,Spann,YASC,,912621357012,A2
100049,Currier,YASC,,912621357012,B2
100050,Currier,YASC,,912621357012,B2
100006,Forsyth,,UNKNOWN,904816349001,A1
100012,Harris,,UNKNOWN,900912319003,A4
100015,Pool,,UNKNOWN,900912319003,E3
100024,Wentz,,UNKNOWN,900912319003,A11
100032,Halverson,,UNKNOWN,900912319004,G2
100035,Avalos,,UNKNOWN,911120177001,A9
100051,Haddad,,UNKNOWN,900912319004,D3
100057,Ring,,UNKNOWN,900912319003,E6
100060,Beltran,,UNKNOWN,910017198002,D6
